{"loss": 7.19456148147583, "ce_loss": 5.531523704528809, "mask_bce_loss": 1.3443504571914673, "mask_dice_loss": 0.31868746876716614, "mask_loss": 1.663037896156311, "epoch": 0.86, "_timestamp": 1725385461.585396, "_runtime": 105.66040706634521, "_step": 6, "_wandb": {"runtime": 123}}