{"loss": 1.3741068840026855, "ce_loss": 0.28603512048721313, "mask_bce_loss": 0.6846597194671631, "mask_dice_loss": 0.4034121036529541, "mask_loss": 1.0880718231201172, "epoch": 0.03, "_timestamp": 1725380841.5033987, "_runtime": 925.3218097686768, "_step": 258, "_wandb": {"runtime": 926}}