{"loss": 11.853946685791016, "ce_loss": 10.076241493225098, "mask_bce_loss": 1.3855056762695312, "mask_dice_loss": 0.39219924807548523, "mask_loss": 1.7777049541473389, "epoch": 0.0, "_timestamp": 1725385874.3333347, "_runtime": 107.7871515750885, "_step": 3, "_wandb": {"runtime": 110}}