{"loss": 1.1307908296585083, "ce_loss": 0.28855276107788086, "mask_bce_loss": 0.4707440733909607, "mask_dice_loss": 0.37149396538734436, "mask_loss": 0.8422380685806274, "epoch": 1.0, "_timestamp": 1725418322.3647306, "_runtime": 32371.30203270912, "_step": 10319, "_wandb": {"runtime": 32385}}